supplier_id,location_id,supplier_name,account_number,account_name,tax_code
292,59,Epicurean Kitchen,5-1220,Cake/Bisc/Slice/Muffin,GST
340,59,Patricks Continental Breads,,,
489,59,Sato National,36647,Paper & Packaging Products,GST
490,59,Reliable,,,
491,59,Spotted Cow,5-1220,Cake/Bisc/Slice/Muffin,GST
492,59,Quick Blend Foods Pty Ltd,5-1210,Soft Drinks/other beverage,GST
493,59,Just Pasta,5-1170,Grocery/Miscellaneous,GST
494,59,Grange Food Industries Pty Ltd,5-1150,Meat/Chicken/Seafood,FREE
495,59,Fresh Poultry,5-1150,Meat/Chicken/Seafood,FREE
497,59,Coffico,5-1140,Coffee/Tea,GST
504,59,Elite Packaging,5-2000,Paper & Packaging Products,GST
508,59,Cleanwash Products,6-2050,Chemicals & cleaning products,GST
509,59,Divino Gelato,5-1270,Ice Cream,GST
510,59,Eustralis FOOD and WINE,,,
511,59,Harkola Nuts,5-1170,Grocery/Miscellaneous,GST
512,59,Addiction Foods,5-1220,Cake/Bisc/Slice/Muffin,GST
513,59,Socrates,5-1210,Soft Drinks/other beverage,GST
518,59,TMA Cups,5-2000,Paper & Packaging Products,GST
519,59,Shaan Foods,5-1170,Grocery/Miscellaneous,GST
520,59,Risefront Zammit Small Goods,5-1170,Grocery/Miscellaneous,GST
521,59,Bega Milk,5-1110,Milk/Yoghurt/Cheese,FREE
522,59,Nican Bros Pty Ltd _ Ginger Chai,5-1140,Coffee/Tea,GST
523,59,Australian Kebab factory,5-1150,Meat/Chicken/Seafood,FREE
524,59,Asahi,5-1210,Soft Drinks/other beverage,GST
525,59,Mert Continental,,,
526,59,I Love Sushi Pty. Ltd,5-1150,Meat/Chicken/Seafood,FREE
528,59,Risefront Dickstone Meat,5-1150,Meat/Chicken/Seafood,FREE
529,59,RISE FRONT Quattro,5-1140,Coffee/Tea,GST
530,59,FoodLink,,,
531,59,PLUS HEMP PTY LTD,5-1210,Soft Drinks/other beverage,GST
532,59,Sienna Desserts,5-1220,Cake/Bisc/Slice/Muffin,GST
533,59,Safe Spray Pest Control,6-2050,Chemicals & cleaning products,GST
534,59,Casa Del,5-1220,Cake/Bisc/Slice/Muffin,GST
541,59,Risefront Fresh Poultry Rpa,5-1150,Meat/Chicken/Seafood,FREE
653,59,Streets Ice Cream,5-1270,Ice Cream,GST
716,59,Freshco,5-1160,Fruit/Vegetables,FREE
722,59,Campos coffee,5-1140,Coffee/Tea,GST
